﻿Designator,Quantity,Value,Footprint,Package,MPN,DNP,Mount_Type,Description,Field5,PROD_ID,Voltage,Tolerance,Manufacturer,Mfg Part #,Notes,Type,Digi-Key_PN,Category,Family,DK_Datasheet_Link,DK_Detail_Page,Description_1,Status,PARTREV,STANDARD,SNAPEDA_PN,MAXIMUM_PACKAGE_HEIGHT,Known Supplier
"C10, C12, C13, C14, C15, C18, C19, C20, C21, C25, C27, C28, C29, C30, C8, C9",16,0.1UF,C_0603_1608Metric,,,,smt,CAP CER 0.1UF 16V X7R 0603,"[C20]CAP-08390; [C12,C13,C14,C15,C18]CAP-07886; [C8,C9]CAP-07885; [C21,C25,C27,C28,C29,C30]CAP-08604",CAP-00810,16V,10%,Kemet,C0603C104K4RAC7867,Substitutions OK,SMD,,,,,,,,,,,,
"C11, C16, C5, C6, C7",5,10UF,C_0805_2012Metric,,,,smt,CAP CER 10UF 16V X5R 0805,,"[C6,C7]CAP-11015; [C5]CAP-13930","[C6,C7]6.3V; [C5]16V","[C6,C7]20%; [C5]10%",Kemet,C0805C106K4PAC7800,Substitutions OK,SMD,,,,,,,,,,,,
"C22, C23",2,0.1uF,C_0603_1608Metric,,,,smt,CAP CER 0.1UF 16V X7R 0603,,,16V,10%,Kemet,C0603C104K4RACTU,Substitutions OK,SMD,,,,,,,,,,,,
Q1,1,2N7002DW,SOT-363,,,,smt,DUAL MOSFET N-CH 60V 0.115A SC70-6,,,,,ON Semiconductor,2N7002DW,Do not substitute,SMD,2N7002DWCT-ND,Discrete Semiconductor Products,"Transistors - FETs, MOSFETs - Arrays",https://www.onsemi.com/pub/Collateral/2N7002DW-D.PDF,/product-detail/en/on-semiconductor/2N7002DW/2N7002DWCT-ND/1785790,MOSFET 2N-CH 60V 0.115A SC70-6,Active,,,,,
"R1, R2, R8, R9",4,2.0K,R_0603_1608Metric,,,,smt,RES 2K OHM 5% 1/10W 0603,,RES-08296,,,Yageo,RC0603JR-072KL,Substitutions OK,SMD,,,,,,,,,,,,
R11,1,510 Ohm,R_0603_1608Metric,,,,smt,RES 510 OHM 5% 1/10W 0603,,RES-08296,,,Yageo,RC0603JR-07510RL,Substitutions OK,SMD,,,,,,,,,,,,
"R12, R13",2,510,R_0603_1608Metric,,,,smt,RES 510 OHM 5% 1/10W 0603,,,,,Yageo,RC0603JR-07510RL,Substitutions OK,SMD,,,,,,,,,,,,
"R3, R4",2,47K,R_0603_1608Metric,,,,smt,RES 47K OHM 1/10W 5% 0603,,RES-07871,,,Yageo,RC0603JR-0747KL,Substitutions OK,SMD,,,,,,,,,,,,
R5,1,2.2K,R_0603_1608Metric,,,,smt,RES 2.2K 5% 1/10W 0603,,,,,Yageo,RES 2.2K OHM 5% 1/10W 0603,Substitutions OK,SMD,,,,,,,,,,,,
R6,1,10k,R_0603_1608Metric,,,,smt,RES 10K 5% 1/10W 0603,,,,,Yageo,10K 5% 1/10W 0603,Substitutions OK,SMD,,,,,,,,,,,,
R7,1,51 OHM,R_0603_1608Metric,,,,smt,RES 51 OHM 5% 1/10W 0603,,,,,Yageo,RC0603JR-0751RL,Substitutions OK,SMD,,,,,,,,,,,,
U1,1,MCP3422A1T-E/SN,SOIC-8_3.9x4.9mm_P1.27mm,,,,smt,IC ADC 18BIT SIGMA-DELTA 8SOIC,,,,,Microchip Technology,MCP3422A1T-E/SN,,SMD,,,,,,,,,,,,
U2,1,Si4735-D60-GU,SSOP-24_3.9x8.7mm_P0.635mm,,,,smt,AM/FM/SW/LW Broadcast Radio Receiver with RDS/RBDS,,,,,Skyworks Solutions,SI4735-D60-GU,Do not substitute,SMD,,,,,,,,,,,,
U3,1,SN74ACT244DWR,DW20,,,,smt,IC BUFF NON-INVERT 5.5V 20SOIC,,,,,TI,SN74ACT244DWR,Do not substitute,SMD,,,,,,,,,,,,
U4,1,SI5351C-B-GM,QFN20_4X4_SKY,,,,smt,IC CLOCK GENERATOR 20QFN,,,,,Skyworks Solutions,SI5351C-B-GM,https://www.digikey.com/en/products/detail/skyworks-solutions-inc/SI5351C-B-GM/3679850 (Do not substitute),SMD,,,,,,,,,,,,
Y1,1,ASTX-H11-25.000MHZ-T,XTAL_ASTX-H11-25.000MHZ-T,,,,smt,ASTX-H11-25.000MHZ-T.  -30 ~ +75C,,,,,Abracon,ASTX-H11-25.000MHZ-T,Do not substitute,SMD,,,,,,,,05.13.15,Manufacturer Recommendations,ASTX-H11-25.000MHZ-T,1.10mm,Mouser Part 815-ASTX-H11-25T 
