﻿pos_x,pos_y,rotation,side,designator,mpn,pack,footprint,value,mount_type
19.51,26.66,-90.0,bottom,BAT1,,,BU2032SM-JJ-GTR_MPD,BU2032SM-JJ-GTR,smt
75.99,50.235,90.0,top,C10,,,C_0603_1608Metric,0.1UF,smt
66.54,51.215,-90.0,top,C11,,,C_0805_2012Metric,10UF,smt
22.41,60.105,-90.0,top,C12,,,C_0603_1608Metric,0.1UF,smt
57.14,61.755,90.0,top,C13,,,C_0603_1608Metric,0.1UF,smt
57.14,66.225,90.0,top,C14,,,C_0603_1608Metric,0.1UF,smt
92.91,10.57,90.0,top,C15,,,C_0603_1608Metric,0.1UF,smt
25.93,54.48,-90.0,top,C16,,,C_0805_2012Metric,10UF,smt
22.39,54.39,90.0,top,C18,,,C_0603_1608Metric,0.1UF,smt
76.29,6.015,90.0,top,C19,,,C_0603_1608Metric,0.1UF,smt
75.86,29.595,-90.0,top,C20,,,C_0603_1608Metric,0.1UF,smt
25.19,45.265,90.0,top,C21,,,C_0603_1608Metric,0.1UF,smt
69.58,34.125,90.0,top,C22,,,C_0603_1608Metric,10nF,smt
72.88,38.305,-90.0,top,C23,,,C_0603_1608Metric,10nF,smt
33.48,31.245,90.0,top,C25,,,C_0603_1608Metric,0.1UF,smt
9.51,50.425,-90.0,top,C27,,,C_0603_1608Metric,0.1UF,smt
25.19,48.715,90.0,top,C28,,,C_0603_1608Metric,0.1UF,smt
20.79,51.465,-90.0,top,C29,,,C_0603_1608Metric,0.1UF,smt
31.03,36.005,-90.0,top,C30,,,C_0603_1608Metric,0.1UF,smt
66.5,33.838,-90.0,top,C5,,,C_0805_2012Metric,10UF,smt
61.42,46.03,-90.0,top,C6,,,C_0805_2012Metric,10UF,smt
66.5,46.03,-90.0,top,C7,,,C_0805_2012Metric,10UF,smt
71.57,59.085,90.0,top,C8,,,C_0603_1608Metric,0.1UF,smt
73.69,59.085,90.0,top,C9,,,C_0603_1608Metric,0.1UF,smt
60.14,9.415,180.0,top,D1,,,LED_D5.0mm,XMIT,tht
84.72,40.86,90.0,top,FL1,,,PluginFilter,~,tht
95.71,59.68,0.0,top,J1,,,PinHeader_1x20_P2.54mm_Vertical,HX8357D SPI,tht
85.5085,69.72,0.0,top,J2,732511153,,RF_SMA_BoardEdge_142-0701-801,CONN SMA JACK STR 50OHM EDGE MNT,tht
9.99,65.49,0.0,top,J3,B5B-XH-A(LF)(SN),,PinHeader_1x5_P2.5mm_Drill1.1mm,B5B-XH-A_LF__SN_,tht
4.27,59.68,0.0,top,J5,,,PinHeader_1x20_P2.54mm_Vertical,HX8357D 8-BIT,tht
83.51,5.04,180.0,top,L1,,,L_Toroid_Vertical_BIFILAR,L_Ferrite_Coupled,tht
75.19,35.02,0.0,top,Q1,,,SOT-363,2N7002DW,smt
69.07,54.905,-90.0,top,R1,,,R_0603_1608Metric,2.0K,smt
57.59,15.69,-90.0,top,R11,,,R_0603_1608Metric,510 Ohm,smt
64.468,22.279,-90.0,top,R12,,,R_0603_1608Metric,510,smt
68.1,19.485,90.0,top,R13,,,R_0603_1608Metric,510,smt
61.35,59.855,90.0,top,R2,,,R_0603_1608Metric,2.0K,smt
61.42,51.489,-90.0,top,R3,,,R_0603_1608Metric,47K,smt
61.42,40.567,90.0,top,R4,,,R_0603_1608Metric,47K,smt
61.42,34.09,90.0,top,R5,,,R_0603_1608Metric,2.2K,smt
66.5,40.495,-90.0,top,R6,,,R_0603_1608Metric,10k,smt
74.51,40.325,-90.0,top,R7,,,R_0603_1608Metric,51 OHM,smt
33.0,27.115,90.0,top,R8,,,R_0603_1608Metric,2.0K,smt
34.98,27.135,90.0,top,R9,,,R_0603_1608Metric,2.0K,smt
44.91,36.82,-90.0,top,TN1,,,Teensy41,Teensy4.1,tht
13.98,52.21,0.0,top,TP1,,,1x01,PTH,tht
32.02,40.0,0.0,top,TP2,,,1x01,PTH,tht
31.99,46.46,0.0,top,TP3,,,1x01,PTH,tht
69.08,50.24,0.0,top,TP4,,,1x01,PTH,tht
63.94,9.4,0.0,top,TP5,,,1x01,PTH,tht
67.62,9.3,0.0,top,TP6,,,1x01,PTH,tht
26.465,64.505,0.0,top,U1,,,SOIC-8_3.9x4.9mm_P1.27mm,MCP3422A1T-E/SN,smt
69.9925,64.76,-90.0,top,U2,,,SSOP-24_3.9x8.7mm_P0.635mm,Si4735-D60-GU,smt
22.8037,29.495,0.0,top,U3,,,DW20,SN74ACT244DWR,smt
21.544828,47.1577,0.0,top,U4,,,QFN20_4X4_SKY,SI5351C-B-GM,smt
10.64,46.79,90.0,top,Y1,,,XTAL_ASTX-H11-25.000MHZ-T,ASTX-H11-25.000MHZ-T,smt
