﻿Designator,Quantity,Value,Footprint,Package,MPN,DNP,Mount_Type,Description,Mfg Part #,Category,Family,Manufacturer,Status,Description_1,Type,Notes,Field5,PROD_ID,Voltage,Tolerance,Height,Mouser Part Number,Mouser Price/Stock,Digi-Key_PN,DK_Datasheet_Link,DK_Detail_Page,PARTREV,STANDARD,SNAPEDA_PN,MAXIMUM_PACKAGE_HEIGHT
BAT1,1,BU2032SM-JJ-GTR,BU2032SM-JJ-GTR_MPD,,,,smt,BATT HOLDER COIN 20MM 1 CELL SMD,BU2032SM-JJ-GTR,Battery Products,"Battery Holders, Clips, Contacts",MPD (Memory Protection Devices),Active,BATTERY HOLDER COIN 20MM PC PIN,SMD,Must mount topside,,,,,,,,,,,,,,
"C1, C11, C12, C13, C14, C15, C16, C17, C19, C20, C25, C27, C28, C29, C3, C4",16,0.1UF,C_0603_1608Metric,,,,smt,CAP CER 0.1UF 16V X7R 0603,C0603C104K4RAC7867,,,Kemet,,,SMD,Substitutions OK,"[C4]CAP-07885; [C3]CAP-08390; [C12,C13,C14,C15]CAP-07886; [C25,C27,C28,C29]CAP-08604",CAP-00810,16V,10%,,,,,,,,,,
C10,1,75PF,C_0805_2012Metric,,,Yes,smt,Unpolarized capacitor,,,,,,,,,,,,,,,,,,,,,,
"C2, C5, C6, C7",4,10UF,C_0805_2012Metric,,,,smt,CAP CER 10UF 16V X5R 0805,C0805C106K4PAC7800,,,Kemet,,,SMD,Substitutions OK,,"[C6,C7]CAP-11015; [C5]CAP-13930","[C6,C7]6.3V; [C5]16V","[C6,C7]20%; [C5]10%",,,,,,,,,,
C26,1,47PF,C_0805_2012Metric,,,Yes,smt,Unpolarized capacitor,,,,,,,,,CAP-08913,CAP-08913,100v,1%,,,,,,,,,,
C8,1,75PF,C_0805_2012Metric,,,Yes,smt,Unpolarized capacitor,,,,,,,,,,,,,,,,,,,,,,
C9,1,243PF,C_0805_2012Metric,,,Yes,smt,Unpolarized capacitor,,,,,,,,,,,,,,,,,,,,,,
D1,1,XMIT,LED_D5.0mm,,,Yes,tht,Light emitting diode,,,,,,,,,,,,,,,,,,,,,,
IC1,1,SI5351C-B-GM1,QFN50P300X300X90-17N-D,,SI5351C-B-GM1,,smt,"Clock Generators & Support Products I2C programmable, any-frequency, any-output, reference clock input, 4-output LVCMOS clock generator",,,,Skyworks,,,,,,,,,0.9,634-SI5351C-B-GM1,https://www.mouser.co.uk/ProductDetail/Skyworks-Solutions-Inc/SI5351C-B-GM1?qs=r5DSvlrkXmLdhgVRtlBfMw%3D%3D,,,,,,,
J1,1,HX8357D SPI,PinHeader_1x20_P2.54mm_Vertical,,,Yes,tht,"Generic connector, single row, 01x20, script generated (kicad-library-utils/schlib/autogen/connector/)",,,,,,,,,,,,,,,,,,,,,,
J2,1,22-23-2021,PinHeader_1x2_P2.54mm_Drill1.02mm,,22-23-2021,Yes,tht,CONN HEADER VERT 2POS 2.54MM,,"Connectors, Interconnects","Rectangular Connectors - Headers, Male Pins",Molex,Active,CONN HEADER VERT 2POS 2.54MM,,,,,,,,,,WM4200-ND,https://media.digikey.com/pdf/Data%20Sheets/Molex%20PDFs/A-6373-N_Series_Dwg_2010-12-03.pdf,/product-detail/en/molex/22-23-2021/WM4200-ND/26667,,,,
J3,1,GPS,PinHeader_1x4_P2.54mm_Drill1.02mm,,0022232041,Yes,tht,CONN HEADER VERT 4POS 2.54MM,,"Connectors, Interconnects","Rectangular Connectors - Headers, Male Pins",Molex,Active,CONN HEADER VERT 4POS 2.54MM,,,,,,,,,,WM4202-ND,https://www.molex.com/pdm_docs/sd/022232041_sd.pdf,/product-detail/en/molex/0022232041/WM4202-ND/26671,,,,
J5,1,HX8357D 8-BIT,PinHeader_1x20_P2.54mm_Vertical,,,Yes,tht,"Generic connector, single row, 01x20, script generated (kicad-library-utils/schlib/autogen/connector/)",,,,,,,,Mechanical support without electrical connections,,,,,,,,,,,,,,
L1,1,0.5uH,L_Toroid_Vertical_L10.0mm_W5.0mm_P5.08mm,,,Yes,tht,Inductor with ferrite core,,,,,,,,,,,,,,,,,,,,,,
L2,1,0.5uH,L_Toroid_Vertical_L10.0mm_W5.0mm_P5.08mm,,,Yes,tht,Inductor with ferrite core,,,,,,,,,,,,,,,,,,,,,,
L3,1,1.0mH,IND_BOURNS_RLB9012,,,Yes,tht,FIXED IND 1MH 510MA 2.9 OHM TH,RLB9012-102KL,,,Bourns,,,SMD,,,,,,,,,RLB9012-102KL-N,,,,,,
Q1,1,2N3904,TO-92-3,,,Yes,tht,TRANS NPN 40V TO-92,2N3904,Discrete Semiconductor Products,Transistors - Bipolar (BJT) - Single,Central Semiconductor Corp,Active,TRANS NPN 40V TO-92,THT,,,,,,,,,2N3904CS-ND,https://my.centralsemi.com/get_document.php?cmp=1&mergetype=pd&mergepath=pd&pdf_id=LSSGP072.PDF,/product-detail/en/central-semiconductor-corp/2N3904/2N3904CS-ND/4806876,,,,
Q2,1,2N3906,TO-92-3,,,Yes,tht,TRANS PNP 40V TO-92,2N3906,Discrete Semiconductor Products,Transistors - Bipolar (BJT) - Single,Central Semiconductor Corp,Active,TRANS PNP 40V TO-92,THT,,,,,,,,,2N3906CS-ND,https://my.centralsemi.com/get_document.php?cmp=1&mergetype=pd&mergepath=pd&pdf_id=LSSGP072.PDF,/product-detail/en/central-semiconductor-corp/2N3906/2N3906CS-ND/4806878,,,,
Q3,1,2N7000,TO-92-3,,2N7000,Yes,tht,MOSFET N-CH 60V 200MA TO-92,2N7000,Discrete Semiconductor Products,"Transistors - FETs, MOSFETs - Single",ON Semiconductor,Active,MOSFET N-CH 60V 200MA TO-92,THT,,,,,,,,,2N7000FS-ND,https://www.onsemi.com/pub/Collateral/NDS7002A-D.PDF,/product-detail/en/on-semiconductor/2N7000/2N7000FS-ND/244278,,,,
Q4,1,2N7000,TO-92-3,,2N7000,Yes,tht,MOSFET N-CH 60V 200MA TO-92,2N7000,Discrete Semiconductor Products,"Transistors - FETs, MOSFETs - Single",ON Semiconductor,,MOSFET N-CH 60V 200MA TO-92,THT,Substitions OK,,,,,,,,2N7000FS-ND,https://www.onsemi.com/pub/Collateral/NDS7002A-D.PDF,/product-detail/en/on-semiconductor/2N7000/2N7000FS-ND/244278,,,,
"R1, R2, R5",3,2.0K,R_0603_1608Metric,,,,smt,RES 2K OHM 5% 1/10W 0603,RC0603JR-072KL,,,Yageo,,,SMD,Substitutions OK,,RES-08296,,,,,,,,,,,,
"R10, R9",2,5.1K,R_0603_1608Metric,,,,smt,RES 5.1K OHM 5% 1/10W 0603,RC0603JR-075K1L,,,Yageo,,,SMD,Substitutions OK,,,,,,,,,,,,,,
"R11, R8",2,510 Ohm,R_0603_1608Metric,,,,smt,RES 510 OHM 5% 1/10W 0603,RC0603JR-07510RL,,,Yageo,,,SMD,Substitutions OK,,RES-08296,,,,,,,,,,,,
"R3, R4",2,47K,R_0603_1608Metric,,,,smt,RES 47K OHM 1/10W 5% 0603,RC0603JR-0747KL,,,Yageo,,,SMD,Substitutions OK,,RES-07871,,,,,,,,,,,,
R6,1,10K,R_0603_1608Metric,,,,smt,RES 47.0K OHM 1/8W 0805 SMD,RC0603JR-0710KL,,,Yageo,,,SMD,Substitutions OK,,RES-00824,,,,,,,,,,,,
R7,1,51 OHM,R_0603_1608Metric,,,,smt,RES 51 OHM 5% 1/2W 1210,RC1210JR-0751RL,,,Yageo,,,SMD,Substitutions OK,,,,,,,,,,,,,,
TN1,1,Teensy4.1,Teensy41,,,Yes,tht,Teensy 4.1 Microcontroller,,,,,,,,,,,,,,,,,,,,,,
U1,1,MCP3422A1T-E/SN,SOIC-8_3.9x4.9mm_P1.27mm,,,,smt,IC ADC 18BIT SIGMA-DELTA 8SOIC,MCP3422A1T-E/SN,,,Microchip Technology,,,SMD,,,,,,,,,,,,,,,
U2,1,Si4735-D60-GU,SSOP-24_3.9x8.7mm_P0.635mm,,,,smt,RF RX AM/FM 153KHZ-279KHZ 24SSOP,SI4735-D60-GU,,,Skyworks Solutions,,,SMD,,,,,,,,,,,,,,,
U3,1,GVA-84+,SOT-89-3_Handsoldering,,,,smt,"DC-7000MHz +16dB Gain Block, SOT-89",GVA-84+,,,Mini-Circuits,,,SMD,hand soldering footprint used for better heat sink,,,,,,,,,,,,,,
Y1,1,ASTX-H11-25.000MHZ-T,XTAL_ASTX-H11-25.000MHZ-T,,,,smt,ASTX-H11-25.000MHZ-T.  -30 ~ +75C,ASTX-H11-25.000MHZ-T,,,Abracon,,,SMD,,,,,,,,,,,,05.13.15,Manufacturer Recommendations,ASTX-H11-25.000MHZ-T,1.10mm
