﻿pos_x,pos_y,rotation,side,designator,mpn,pack,footprint,value,mount_type,place
121.92,-93.98,-90.0,top,BAT1,,,BU2032SM-JJ-GTR_MPD,BU2032SM-JJ-GTR,smt,True
177.038,-62.497,90.0,top,C1,,,C_0603_1608Metric,0.1UF,smt,True
192.913,-79.69,90.0,top,C10,,,C_0805_2012Metric,75PF,smt,False
184.15,-85.23,90.0,top,C11,,,C_0603_1608Metric,0.1UF,smt,True
121.92,-63.259,-90.0,top,C12,,,C_0603_1608Metric,0.1UF,smt,True
163.83,-59.195,90.0,top,C13,,,C_0603_1608Metric,0.1UF,smt,True
163.83,-54.369,90.0,top,C14,,,C_0603_1608Metric,0.1UF,smt,True
193.04,-108.725,90.0,top,C15,,,C_0603_1608Metric,0.1UF,smt,True
186.944,-97.549,-90.0,top,C16,,,C_0603_1608Metric,0.1UF,smt,True
165.087,-111.493,90.0,top,C17,,,C_0603_1608Metric,0.1UF,smt,True
192.913,-86.246,90.0,top,C19,,,C_0603_1608Metric,0.1UF,smt,True
168.91,-69.471,-90.0,top,C2,,,C_0805_2012Metric,10UF,smt,True
193.04,-102.375,90.0,top,C20,,,C_0603_1608Metric,0.1UF,smt,True
135.89,-89.395,90.0,top,C25,,,C_0603_1608Metric,0.1UF,smt,True
192.786,-65.09,90.0,top,C26,,,C_0805_2012Metric,47PF,smt,False
182.88,-116.345,90.0,top,C27,,,C_0603_1608Metric,0.1UF,smt,True
189.23,-108.725,90.0,top,C28,,,C_0603_1608Metric,0.1UF,smt,True
186.944,-104.026,-90.0,top,C29,,,C_0603_1608Metric,0.1UF,smt,True
175.26,-68.085,90.0,top,C3,,,C_0603_1608Metric,0.1UF,smt,True
173.99,-62.497,90.0,top,C4,,,C_0603_1608Metric,0.1UF,smt,True
168.91,-86.802,-90.0,top,C5,,,C_0805_2012Metric,10UF,smt,True
163.83,-74.61,-90.0,top,C6,,,C_0805_2012Metric,10UF,smt,True
168.91,-74.61,90.0,top,C7,,,C_0805_2012Metric,10UF,smt,True
192.786,-58.608,90.0,top,C8,,,C_0805_2012Metric,75PF,smt,False
192.786,-72.71,-90.0,top,C9,,,C_0805_2012Metric,243PF,smt,False
177.8,-115.57,180.0,top,D1,,,LED_D5.0mm,XMIT,tht,False
183.92,-108.7,0.0,top,IC1,SI5351C-B-GM1,,QFN50P300X300X90-17N-D,SI5351C-B-GM1,smt,True
198.12,-60.96,0.0,top,J1,,,PinHeader_1x20_P2.54mm_Vertical,HX8357D SPI,tht,False
182.88,-55.88,0.0,top,J2,22-23-2021,,PinHeader_1x2_P2.54mm_Drill1.02mm,22-23-2021,tht,False
111.76,-55.245,0.0,top,J3,0022232041,,PinHeader_1x4_P2.54mm_Drill1.02mm,GPS,tht,False
106.68,-60.96,0.0,top,J5,,,PinHeader_1x20_P2.54mm_Vertical,HX8357D 8-BIT,tht,False
184.15,-66.04,180.0,top,L1,,,L_Toroid_Vertical_L10.0mm_W5.0mm_P5.08mm,0.5uH,tht,False
184.15,-80.01,180.0,top,L2,,,L_Toroid_Vertical_L10.0mm_W5.0mm_P5.08mm,0.5uH,tht,False
180.213,-98.2472,90.0,top,L3,,,IND_BOURNS_RLB9012,1.0mH,tht,False
168.91,-117.475,90.0,top,Q1,,,TO-92-3,2N3904,tht,False
168.91,-107.95,90.0,top,Q2,,,TO-92-3,2N3906,tht,False
175.26,-86.36,90.0,top,Q3,2N7000,,TO-92-3,2N7000,tht,False
175.26,-76.2,90.0,top,Q4,2N7000,,TO-92-3,2N7000,tht,False
163.83,-94.805,-90.0,top,R1,,,R_0603_1608Metric,2.0K,smt,True
160.02,-104.965,90.0,top,R10,,,R_0603_1608Metric,5.1K,smt,True
174.435,-108.775,-90.0,top,R11,,,R_0603_1608Metric,510 Ohm,smt,True
168.91,-94.805,90.0,top,R2,,,R_0603_1608Metric,2.0K,smt,True
163.83,-69.151,-90.0,top,R3,,,R_0603_1608Metric,47K,smt,True
163.83,-80.073,90.0,top,R4,,,R_0603_1608Metric,47K,smt,True
163.83,-86.55,90.0,top,R5,,,R_0603_1608Metric,2.0K,smt,True
168.91,-80.327,90.0,top,R6,,,R_0603_1608Metric,10K,smt,True
180.34,-70.675,90.0,top,R7,,,R_0603_1608Metric,51 OHM,smt,True
162.56,-115.38,-90.0,top,R8,,,R_0603_1608Metric,510 Ohm,smt,True
160.02,-111.315,90.0,top,R9,,,R_0603_1608Metric,5.1K,smt,True
147.32,-83.82,-90.0,top,TN1,,,Teensy41,Teensy4.1,tht,False
126.935,-56.515,0.0,top,U1,,,SOIC-8_3.9x4.9mm_P1.27mm,MCP3422A1T-E/SN,smt,True
172.4025,-55.88,-90.0,top,U2,,,SSOP-24_3.9x8.7mm_P0.635mm,Si4735-D60-GU,smt,True
190.5,-92.686,180.0,top,U3,,,SOT-89-3_Handsoldering,GVA-84+,smt,True
188.461,-116.52,90.0,top,Y1,,,XTAL_ASTX-H11-25.000MHZ-T,ASTX-H11-25.000MHZ-T,smt,True
