﻿Designator,Quantity,Value,Footprint,Package,MPN,DNP,Mount_Type,Description,PROD_ID,Voltage,Tolerance,Type,Notes,Manufacturer,Mfg Part #,Digi-Key_PN,Category,Family,DK_Datasheet_Link,DK_Detail_Page,Description_1,Status
C1,1,750 pF,1206,,,Yes,smt,Unpolarized capacitor,CAP-00000,100V,2%,,,,,,,,,,,
C2,1,1100 pF,1206,,,Yes,smt,Unpolarized capacitor,CAP-00000,50V,5%,,,,,,,,,,,
C3,1,750 pF,1206,,,Yes,smt,Unpolarized capacitor,CAP-00000,100V,2%,,,,,,,,,,,
C4,1,Cx,1206,,,Yes,smt,Unpolarized capacitor,,,,SMD,Value to be determined by lab experiment,,,,,,,,,
C5,1,1 nF,0805,,,,smt,CAP CER 1000PF 50V X7R 0805,,50V,10%,SMD,Substitutions OK,Kemet,C0805C102K5RAC7800,,,,,,,
C6,1,0.1uF,1206,,,,smt,CAP CER 0.1UF 100V X7R 1206,,100V,10%,SMD,Substitutions OK,Kemet,C1206C104K1RAC7210,,,,,,,
J1,1,CLK,SMA_Edge,,,Yes,tht,SMA PCB Edge Mount connector,CONN-08289,,,SMD,,,,,,,,,,
J2,1,OUT,SMA_Edge,,,Yes,tht,SMA PCB Edge Mount connector,CONN-08289,,,SMD,,,,,,,,,,
J3,1,0022232041,PinHeader_1x4_P2.54mm_Drill1.02mm,,0022232041,Yes,tht,CONN HEADER VERT 4POS 2.54MM,,,,PTH,,Molex,,WM4202-ND,"Connectors, Interconnects","Rectangular Connectors - Headers, Male Pins",https://www.molex.com/pdm_docs/sd/022232041_sd.pdf,/product-detail/en/molex/0022232041/WM4202-ND/26671,CONN HEADER VERT 4POS 2.54MM,Active
L1,1,1.3 uH,L_Toroid_Vertical_L13.0mm_W6.5mm_P5.60mm,,,Yes,tht,Inductor with iron core,,,,PTH,,,,,,,,,,
L2,1,1.3 uH,L_Toroid_Vertical_L13.0mm_W6.5mm_P5.60mm,,,Yes,tht,Inductor with iron core,,,,PTH,,,,,,,,,,
L3,1,35 uH,L_Toroid_Vertical_L14.0mm_W5.6mm_P5.30mm_Bourns_5700,,,Yes,tht,Inductor with ferrite core,,,,PTH,,,,,,,,,,
Q1,1,BS170,TO-92-3,,BS170,Yes,tht,MOSFET N-CH 60V 500MA TO-92,,,,PTH,,ON Semiconductor,,BS170-ND,Discrete Semiconductor Products,"Transistors - FETs, MOSFETs - Single",https://www.onsemi.com/pub/Collateral/BS170-D.PDF,/product-detail/en/on-semiconductor/BS170/BS170-ND/244280,MOSFET N-CH 60V 500MA TO-92,Active
Q2,1,BS170,TO-92-3,,BS170,Yes,tht,MOSFET N-CH 60V 500MA TO-92,,,,PTH,,ON Semiconductor,,BS170-ND,Discrete Semiconductor Products,"Transistors - FETs, MOSFETs - Single",https://www.onsemi.com/pub/Collateral/BS170-D.PDF,/product-detail/en/on-semiconductor/BS170/BS170-ND/244280,MOSFET N-CH 60V 500MA TO-92,Active
T1,1,BN43-202,BN43-202,,,Yes,tht,"Transformer, split primary, single secondary",,,,PTH,,,,,,,,,,
U1,1,SN74LVC2G86DCTR,DCT8_TEX,,,,smt,2 Channel 2 Input XOR Gate,,,,SMD,,Texas Instruments,SN74LVC2G86DCTR,,,,,,,
