﻿pos_x,pos_y,rotation,side,designator,mpn,pack,footprint,value,mount_type,place
222.375,-106.68,0.0,top,C1,,,1206,750 pF,smt,False
229.995,-106.68,180.0,top,C2,,,1206,1100 pF,smt,False
246.505,-106.68,0.0,top,C3,,,1206,750 pF,smt,False
238.885,-106.68,0.0,top,C4,,,1206,Cx,smt,False
193.165,-106.68,180.0,top,C5,,,0805,1 nF,smt,True
167.64,-106.68,180.0,top,C6,,,1206,0.1uF,smt,True
164.88285,-90.17,90.0,top,J1,,,SMA_Edge,CLK,tht,False
249.13715,-93.98,-90.0,top,J2,,,SMA_Edge,OUT,tht,False
200.66,-106.68,0.0,top,J3,0022232041,,PinHeader_1x4_P2.54mm_Drill1.02mm,0022232041,tht,False
219.71,-93.98,90.0,top,L1,,,L_Toroid_Vertical_L13.0mm_W6.5mm_P5.60mm,1.3 uH,tht,False
235.7,-93.98,90.0,top,L2,,,L_Toroid_Vertical_L13.0mm_W6.5mm_P5.60mm,1.3 uH,tht,False
180.34,-111.98,180.0,top,L3,,,L_Toroid_Vertical_L14.0mm_W5.6mm_P5.30mm_Bourns_5700,35 uH,tht,False
181.356,-86.36,-90.0,top,Q1,BS170,,TO-92-3,BS170,tht,False
181.356,-101.6,90.0,top,Q2,BS170,,TO-92-3,BS170,tht,False
200.66,-93.98,0.0,top,T1,,,BN43-202,BN43-202,tht,False
171.745001,-94.954999,-90.0,top,U1,,,DCT8_TEX,SN74LVC2G86DCTR,smt,True
